-- Mantenedores
INSERT INTO mantenedor (mantenedor_id, cargo_id, nome, senha) VALUES
	(101, 1, "Carlos da Silva Santos", "8888"),
	(102, 2, "Artur Enzo Souza Andares", "8888"),
	(103, 2, "Rogério Camões", "8888"),
	(105, 2, "Izumi Kawatani", "8888"),
	(104, 2, "Abelardo Pontafina", "8888"),
	(106, 3, "Reginaldo Vanio", "8888"),
	(107, 3, "Romeu de Castro Ferreira", "8888"),
	(108, 3, "Monica Eduarda Hortensia", "8888"),
	(109, 3, "Marcio Silva Abreu", "8888"),
	(110, 3, "Maria Carla Ferreira", "8888"),
	(111, 3, "João Silva", "8888"),
	(112, 2, "Mariana Naja", "8888"),
	(113, 1, "Ana Julia Gomes", "8888"),
	(115, 1, "Caio Faria", "8888"),
	(116, 1, "Rosimeire Dias", "8888");

-- Ciclistas
INSERT INTO ciclista (ciclista_ra)
VALUES 
	(223234), 
	(258053), 
	(231943), 
	(121865), 
	(124429), 
	(113683), 
	(120340), 
	(205333), 
	(221209), 
	(149529), 
	(132637), 
	(108061), 
	(220191), 
	(154660), 
	(112676), 
	(238633), 
	(124460), 
	(105008), 
	(283193), 
	(100413), 
	(117823), 
	(282696), 
	(120913), 
	(149075), 
	(181335), 
	(196186), 
	(150625), 
	(259170), 
	(131682), 
	(280679), 
	(158824), 
	(252020), 
	(162421), 
	(128117), 
	(257143), 
	(193141), 
	(162946), 
	(145031), 
	(256663), 
	(297627), 
	(122013), 
	(201373), 
	(120995), 
	(282789), 
	(223401), 
	(151222), 
	(187062), 
	(203966), 
	(139459), 
	(291012), 
	(104648), 
	(270026), 
	(229091), 
	(292580), 
	(121063), 
	(241901), 
	(231663), 
	(100592), 
	(256754), 
	(171764), 
	(261369), 
	(113410), 
	(100612), 
	(174344), 
	(176404), 
	(223522), 
	(160552), 
	(247595), 
	(172346), 
	(137540), 
	(149327), 
	(172374), 
	(254294), 
	(194390), 
	(208217), 
	(204122), 
	(238431), 
	(131942), 
	(217960), 
	(128361), 
	(291702), 
	(113019), 
	(119676), 
	(168844), 
	(178583), 
	(189853), 
	(292769), 
	(249784), 
	(125372), 
	(280514), 
	(134085), 
	(186313), 
	(203722), 
	(166350), 
	(267730), 
	(184791), 
	(134638), 
	(104431), 
	(183805), 
	(193534);

-- Bicicletario
INSERT INTO bicicletario(bicicletario_id, localizacao_latitude, localizacao_longitude) 
	VALUES
	(1, -22.817211680221867, -47.06942629085897),
	(2, -22.817573574609597, -47.0717919189259),
	(3, -22.813815589796796, -47.064533037722676),
	(4, -22.81338814029543, -47.06931123831943),
	(5, -22.820737998354147, -47.06618916056743),
	(6, -22.822308245092458, -47.065291599421144),
	(7, -22.816616616704753, -47.064045830142184),
	(8, -22.816675924445583, -47.07149291244727),
	(9, -22.815289772859778, -47.069309609117404);

INSERT INTO bicicleta (bicicleta_id, status_bicicleta_id)
VALUES 
(1, 1),
(2, 1),
(3, 2),
(4, 3),
(5, 1),
(6, 1),
(7, 2),
(8, 1),
(9, 1),
(10, 1),
(11, 2),
(12, 1),
(13, 1),
(14, 1),
(15, 2),
(16, 1),
(17, 1),
(18, 1),
(19, 3),
(20, 1),
(21, 1),
(22, 1),
(23, 1),
(24, 2),
(25, 1),
(26, 1),
(27, 2),
(28, 1),
(29, 1),
(30, 3);


-- Ponto
INSERT INTO ponto (ponto_id, bicicletario_id, status_ponto_id, bicicleta_id)
VALUES 
	-- Bicicletário 1 (10 pontos)
	(1, 1, 1, 15),
	(2, 1, 2, NULL),
	(3, 1, 3, NULL),
	(4, 1, 1, 2),
	(5, 1, 2, NULL),
	(6, 1, 1, 17),
	(7, 1, 3, NULL),
	(8, 1, 2, NULL),
	(9, 1, 1, 22),
	(10, 1, 2, NULL),

	-- Bicicletário 2 (4 pontos)
	(1, 2, 1, 19),
	(2, 2, 3, NULL),
	(3, 2, 1, 10),
	(4, 2, 2, NULL),

	-- Bicicletário 3 (5 pontos)
	(1, 3, 1, 9),
	(2, 3, 2, NULL),
	(3, 3, 3, NULL),
	(4, 3, 1, 24),
	(5, 3, 2, NULL),

	-- Bicicletário 4 (5 pontos)
	(1, 4, 3, NULL),
	(2, 4, 1, 12),
	(3, 4, 2, NULL),
	(4, 4, 1, 3),
	(5, 4, 2, NULL),

	-- Bicicletário 5 (3 pontos)
	(1, 5, 1, 8),
	(2, 5, 3, NULL),
	(3, 5, 2, NULL),

	-- Bicicletário 6 (5 pontos)
	(1, 6, 1, 21),
	(2, 6, 3, NULL),
	(3, 6, 1, 7),
	(4, 6, 2, NULL),
	(5, 6, 3, NULL),

	-- Bicicletário 7 (5 pontos)
	(1, 7, 1, 1),
	(2, 7, 2, NULL),
	(3, 7, 1, 5),
	(4, 7, 2, NULL),
	(5, 7, 3, NULL),

	-- Bicicletário 8 (5 pontos)
	(1, 8, 1, 13),
	(2, 8, 3, NULL),
	(3, 8, 2, NULL),
	(4, 8, 1, 18),
	(5, 8, 2, NULL),

	-- Bicicletário 9 (5 pontos)
	(1, 9, 3, NULL),
	(2, 9, 1, 25),
	(3, 9, 2, NULL),
	(4, 9, 1, 16),
	(5, 9, 2, NULL);

-- emprestimo
INSERT INTO emprestimo (ciclista_ra, emprestimo_inicio, emprestimo_fim, bicicletario_id_tirado, bicicletario_id_devolvido, bicicleta_id)
VALUES
(223234, '2023-09-01 10:15:00', '2023-09-01 11:10:00', 1, 3, 1),
(258053, '2023-09-02 08:45:00', NULL, 2, NULL, 2),
(231943, '2023-09-03 12:30:00', '2023-09-03 13:25:00', 3, 1, 3),
(121865, '2023-09-04 09:50:00', '2023-09-04 10:20:00', 1, NULL, 4),
(124429, '2023-09-05 15:00:00', '2023-09-05 15:40:00', 5, 4, 5),
(113683, '2023-09-06 14:10:00', NULL, 6, NULL, 6),
(120340, '2023-09-07 16:30:00', '2023-09-07 16:55:00', 7, 2, 7),
(205333, '2023-09-08 08:20:00', '2023-09-08 09:00:00', 1, 8, 8),
(221209, '2023-09-09 11:00:00', NULL, 2, NULL, 9),
(149529, '2023-09-10 10:40:00', '2023-09-10 11:35:00', 4, 1, 10),
(132637, '2023-09-11 07:55:00', NULL, 3, NULL, 11),
(108061, '2023-09-12 13:00:00', '2023-09-12 13:45:00', 6, 9, 12),
(220191, '2023-09-13 12:15:00', '2023-09-13 12:40:00', 2, 7, 13),
(154660, '2023-09-14 09:30:00', NULL, 5, NULL, 14),
(112676, '2023-09-15 10:45:00', '2023-09-15 11:25:00', 1, 3, 15),
(238633, '2023-09-16 08:10:00', NULL, 2, NULL, 16),
(124460, '2023-09-17 14:20:00', '2023-09-17 14:50:00', 4, 2, 17),
(105008, '2023-09-18 17:35:00', '2023-09-18 18:05:00', 5, 6, 18),
(283193, '2023-09-19 07:25:00', NULL, 8, NULL, 19),
(100413, '2023-09-20 06:45:00', '2023-09-20 07:35:00', 1, 5, 20),
(193534, '2023-10-10 13:25:00', NULL, 4, NULL, 9),
(117823, '2023-10-11 09:05:00', '2023-10-11 09:45:00', 3, 2, 21),
(282696, '2023-10-12 08:00:00', NULL, 7, NULL, 22),
(120913, '2023-10-13 14:10:00', '2023-10-13 14:55:00', 4, 3, 23),
(149075, '2023-10-14 17:00:00', NULL, 5, NULL, 24),
(181335, '2023-10-15 06:15:00', '2023-10-15 06:45:00', 1, 6, 25),
(196186, '2023-10-16 10:30:00', '2023-10-16 11:05:00', 2, 1, 26),
(150625, '2023-10-17 12:20:00', NULL, 8, NULL, 27),
(259170, '2023-10-18 11:45:00', '2023-10-18 12:35:00', 3, 4, 28),
(131682, '2023-10-19 15:15:00', NULL, 6, NULL, 29),
(280679, '2023-10-20 07:10:00', '2023-10-20 07:45:00', 7, 2, 30),
(158824, '2023-10-21 13:50:00', NULL, 4, NULL, 1),
(252020, '2023-10-22 10:10:00', '2023-10-22 10:55:00', 5, 3, 2),
(162421, '2023-10-23 08:30:00', '2023-10-23 09:00:00', 9, 5, 3),
(128117, '2023-10-24 14:20:00', NULL, 2, NULL, 4),
(257143, '2023-10-25 16:35:00', '2023-10-25 17:10:00', 6, 4, 5),
(193141, '2023-10-26 07:55:00', '2023-10-26 08:25:00', 1, 7, 6),
(162946, '2023-10-27 09:30:00', NULL, 3, NULL, 7),
(145031, '2023-10-28 11:15:00', '2023-10-28 11:55:00', 8, 2, 8),
(256663, '2023-10-29 15:40:00', '2023-10-29 16:10:00', 4, 5, 9),
(297627, '2023-10-30 13:25:00', NULL, 2, NULL, 10),
(122013, '2023-11-01 08:20:00', '2023-11-01 08:50:00', 3, 4, 11),
(201373, '2023-11-02 14:00:00', NULL, 2, NULL, 12),
(120995, '2023-11-03 09:45:00', '2023-11-03 10:30:00', 5, 1, 13),
(282789, '2023-11-04 15:30:00', '2023-11-04 16:00:00', 7, 3, 14),
(223401, '2023-11-05 07:05:00', NULL, 9, NULL, 15),
(151222, '2023-11-06 12:15:00', '2023-11-06 12:50:00', 1, 6, 16),
(187062, '2023-11-07 11:30:00', '2023-11-07 12:10:00', 4, 2, 17),
(203966, '2023-11-08 08:40:00', NULL, 3, NULL, 18),
(139459, '2023-11-09 10:50:00', '2023-11-09 11:35:00', 6, 5, 19),
(291012, '2023-11-10 16:20:00', '2023-11-10 16:55:00', 2, 8, 20),
(104648, '2023-11-11 09:25:00', NULL, 7, NULL, 21),
(270026, '2023-11-12 10:40:00', '2023-11-12 11:20:00', 5, 4, 22),
(229091, '2023-11-13 14:05:00', NULL, 1, NULL, 23),
(292580, '2023-11-14 13:30:00', '2023-11-14 14:00:00', 9, 3, 24),
(121063, '2023-11-15 11:10:00', '2023-11-15 11:45:00', 6, 2, 25),
(241901, '2023-11-16 12:35:00', '2023-11-16 13:05:00', 4, 5, 26),
(231663, '2023-11-17 07:20:00', NULL, 8, NULL, 27),
(100592, '2023-11-18 09:00:00', '2023-11-18 09:40:00', 1, 9, 28),
(256754, '2023-11-19 17:45:00', '2023-11-19 18:25:00', 3, 7, 29),
(171764, '2023-11-20 15:50:00', NULL, 2, NULL, 30),
(181335, '2023-11-21 09:10:00', '2023-11-21 09:40:00', 4, 3, 1),
(196186, '2023-11-22 10:15:00', NULL, 5, NULL, 2),
(150625, '2023-11-23 14:00:00', '2023-11-23 14:30:00', 6, 2, 3),
(259170, '2023-11-24 08:25:00', '2023-11-24 09:00:00', 1, 4, 4),
(131682, '2023-11-25 17:15:00', NULL, 3, NULL, 5),
(280679, '2023-11-26 07:50:00', '2023-11-26 08:30:00', 8, 7, 6),
(158824, '2023-11-27 12:40:00', '2023-11-27 13:20:00', 2, 5, 7),
(252020, '2023-11-28 10:30:00', NULL, 1, NULL, 8),
(162421, '2023-11-29 11:15:00', '2023-11-29 12:00:00', 4, 6, 9),
(128117, '2023-11-30 08:05:00', '2023-11-30 08:50:00', 3, 2, 10),
(257143, '2023-12-01 09:25:00', NULL, 5, NULL, 11),
(193141, '2023-12-02 16:45:00', '2023-12-02 17:20:00', 6, 8, 12),
(162946, '2023-12-03 13:35:00', '2023-12-03 14:10:00', 1, 3, 13),
(145031, '2023-12-04 14:10:00', NULL, 2, NULL, 14),
(256663, '2023-12-05 12:30:00', '2023-12-05 13:15:00', 4, 1, 15),
(297627, '2023-12-06 08:20:00', '2023-12-06 09:00:00', 7, 4, 16),
(122013, '2023-12-07 11:00:00', NULL, 3, NULL, 17),
(201373, '2023-12-08 15:40:00', '2023-12-08 16:15:00', 2, 5, 18),
(120995, '2023-12-09 09:55:00', '2023-12-09 10:40:00', 4, 6, 19),
(282789, '2023-12-10 14:00:00', NULL, 1, NULL, 20),
(223401, '2023-12-11 11:25:00', '2023-12-11 12:05:00', 8, 3, 21),
(151222, '2023-12-12 12:00:00', '2023-12-12 12:35:00', 5, 2, 22),
(187062, '2023-12-13 07:50:00', NULL, 9, NULL, 23),
(203966, '2023-12-14 16:10:00', '2023-12-14 16:50:00', 6, 4, 24),
(139459, '2023-12-15 08:15:00', NULL, 2, NULL, 25),
(291012, '2023-12-16 14:50:00', '2023-12-16 15:35:00', 3, 1, 26),
(104648, '2023-12-17 13:10:00', NULL, 4, NULL, 27),
(270026, '2023-12-18 11:00:00', '2023-12-18 11:30:00', 8, 5, 28),
(229091, '2023-12-19 17:15:00', NULL, 1, NULL, 29),
(292580, '2023-12-20 10:25:00', '2023-12-20 11:05:00', 2, 3, 30),
(121063, '2023-12-21 12:40:00', NULL, 4, NULL, 1),
(241901, '2023-12-22 08:30:00', '2023-12-22 09:10:00', 5, 2, 2),
(231663, '2023-12-23 14:20:00', '2023-12-23 15:00:00', 3, 6, 3),
(100592, '2023-12-24 11:50:00', NULL, 1, NULL, 4),
(256754, '2023-12-25 09:05:00', '2023-12-25 09:40:00', 6, 4, 5),
(171764, '2023-12-26 10:15:00', NULL, 2, NULL, 6),
(181335, '2023-12-27 15:30:00', '2023-12-27 16:00:00', 8, 1, 7),
(196186, '2023-12-28 08:50:00', NULL, 9, NULL, 8),
(150625, '2023-12-29 12:10:00', '2023-12-29 12:50:00', 5, 2, 9),
(259170, '2023-12-30 11:15:00', '2023-12-30 11:55:00', 4, 6, 10),
(131682, '2023-12-31 09:30:00', NULL, 3, NULL, 11),
(280679, '2024-01-01 07:05:00', '2024-01-01 07:45:00', 1, 7, 12),
(158824, '2024-01-02 10:20:00', NULL, 8, NULL, 13),
(252020, '2024-01-03 12:45:00', '2024-01-03 13:20:00', 6, 5, 14),
(162421, '2024-01-04 08:40:00', '2024-01-04 09:15:00', 2, 4, 15),
(128117, '2024-01-05 14:30:00', NULL, 1, NULL, 16),
(257143, '2024-01-06 10:55:00', '2024-01-06 11:30:00', 3, 8, 17),
(193141, '2024-01-07 15:10:00', NULL, 7, NULL, 18),
(162946, '2024-01-08 12:20:00', '2024-01-08 12:55:00', 4, 1, 19),
(145031, '2024-01-09 09:35:00', '2024-01-09 10:15:00', 5, 2, 20);

-- Penalidades
INSERT INTO penalidade (penalidade_inicio, ciclista_ra, emprestimo_inicio, tipo_penalidade_id, penalidade_automatica, penalidade_fim, detalhes, mantenedor_id_aplicador, mantenedor_id_perdoador, motivacao_perdao) VALUES
('2023-09-01 10:35:00', 223234, '2023-09-01 10:15:00', 1, False, Null, null, 102,  null, null),
('2023-09-02 10:00:00', 258053, '2023-09-02 08:45:00', 2, FALSE, NULL, 'Não devolução da bicicleta.', 111, NULL, NULL),
('2023-08-03 15:00:00', 231943, '2023-09-03 12:30:00', 3, TRUE, NULL, 'Danos no freio e no pedal.', 105, NULL, NULL),
('2023-08-10 08:00:00', 124429, '2023-09-05 15:00:00', 4, TRUE, NULL, 'Uso para transporte de materiais pesados.', NULL, NULL, NULL),
('2023-09-06 17:40:00', 113683, '2023-09-06 14:10:00', 5, FALSE, NULL, 'Tentativa de burlar o sistema.', NULL, NULL, NULL),
('2023-08-22 16:31:00', 120340, '2023-09-07 16:30:00', 6, TRUE, NULL, 'Identidade falsa detectada.', NULL, NULL, NULL),
('2023-09-09 11:50:00', 221209, '2023-09-09 11:00:00', 7, TRUE, NULL, 'Devolução fora do ponto autorizado.', NULL, NULL, NULL),
('2023-09-10 10:45:00', 149529, '2023-09-10 10:40:00', 8, FALSE, '2023-09-19 20:00:00', 'Dano no sistema de ancoragem.', 103, NULL, NULL),
('2023-09-11 08:00:00', 132637, '2023-09-11 07:55:00', 9, TRUE, NULL, 'Uso fora do horário permitido.', NULL, NULL, NULL),
('2023-08-13 18:10:00', 105008, '2023-09-18 17:35:00', 10, TRUE, NULL, 'Infração de trânsito: desrespeito à sinalização.', 102, NULL, NULL),
('2023-10-11 09:17:00', 117823, '2023-10-11 09:05:00', 11, FALSE, '2023-10-21 09:05:00', 'Falsificação de informações.', NULL, 111, 'Perdão aplicado após revisão dos dados.'),
('2023-10-13 14:29:00', 120913, '2023-10-13 14:10:00', 12, TRUE, NULL, 'Uso da bicicleta em atividades ilícitas.', 110, NULL, NULL),
('2023-05-10 17:03:00', 150625, '2023-11-23 14:00:00', 1, TRUE, NULL, 'Atraso de 2 horas na devolução.', 112, NULL, NULL),
('2023-11-25 08:45:00', 259170, '2023-11-24 08:25:00', 2, TRUE, NULL, 'Bicicleta não devolvida.', NULL, 115, 'Perdão aplicado devido a problemas técnicos.'),
('2023-11-30 09:38:00', 128117, '2023-11-30 08:05:00', 7, FALSE, '2023-12-03 10:00:00', 'Devolução em local não autorizado.', NULL, NULL, NULL),
('2023-10-27 17:01:00', 257143, '2023-10-25 16:35:00', 8, TRUE, NULL, 'Dano ao ponto de ancoragem.', NULL, NULL, NULL),
('2023-08-01 18:30:00', 162946, '2023-10-27 09:30:00', 3, TRUE, NULL, 'Dano no quadro da bicicleta.', 116, NULL, NULL),
('2024-01-12 10:16:00', 145031, '2024-01-09 09:35:00', 5, FALSE, NULL, 'Tentativa de evitar o sistema de devolução.', 101, 107, 'Aplicação de perdão por problemas no sistema de devolução.'),
('2023-12-08 08:00:00', 122013, '2023-12-07 11:00:00', 10, TRUE, NULL, 'Infração de trânsito: velocidade alta.', NULL, NULL, NULL),
('2023-10-12 09:11:00', 282696, '2023-10-12 08:00:00', 9, FALSE, '2023-10-15 07:30:00', NULL, 113, NULL, NULL),
('2023-09-20 06:46:00', 100413, '2023-09-20 06:45:00', 6, TRUE, NULL, 'Uso de identidade falsa.', 105, NULL, NULL),
('2023-09-17 14:55:00', 124460, '2023-09-17 14:20:00', 4, FALSE, NULL, 'Uso para transporte de animais.', NULL, 104, 'Perdão aplicado após revisão.'),
('2023-10-16 11:07:00', 196186, '2023-10-16 10:30:00', 5, TRUE, NULL, 'Burlar o sistema de devolução.', NULL, NULL, NULL),
('2023-09-17 10:02:00', 220191, '2023-09-13 12:15:00', 7, FALSE, NULL, 'Devolução em ponto não autorizado.', 110, NULL, NULL),
('2023-11-28 10:39:00', 252020, '2023-11-28 10:30:00', 4, TRUE, NULL, 'Uso não permitido detectado.', NULL, NULL, NULL),
('2023-11-09 08:00:00', 203966, '2023-11-08 08:40:00', 3, FALSE, NULL, 'Danos à estrutura da bicicleta.', 112, NULL, NULL),
('2023-12-16 17:04:00', 291012, '2023-12-16 14:50:00', 12, TRUE, NULL, 'Uso da bicicleta para fins ilícitos.', 108, NULL, NULL),
('2023-11-14 07:44:00', 270026, '2023-11-12 10:40:00', 11, FALSE, NULL, 'Falsificação de informações no sistema.', NULL, 111, 'Motivação de perdão: revisão do histórico.'),
('2023-10-11 08:27:00', 193534, '2023-10-10 13:25:00', 9, FALSE, NULL, 'Uso fora dos horários permitidos.', 102, 111, 'Perdão por justificativa aceitável.'),
('2023-12-24 11:51:00', 100592, '2023-12-24 11:50:00', 6, TRUE, NULL, 'Identidade falsa no empréstimo.', NULL, NULL, NULL),
('2023-12-21 07:00:00', 292580, '2023-12-20 10:25:00', 2, FALSE, NULL, 'Não devolução da bicicleta.', 106, NULL, NULL),
('2023-11-13 17:05:00', 229091, '2023-11-13 14:05:00', 1, TRUE, NULL, 'Devolução atrasada em 1h 30min.', NULL, NULL, NULL),
('2023-11-16 17:57:00', 241901, '2023-11-16 12:35:00', 4, FALSE, NULL, 'Uso para transporte não autorizado.', 109, NULL, NULL);

